Year,Unit Code,Exchange Rate
2000,AUD,1.62192
2000,EUR,1.0
2000,EUR,1.0
2000,CAD,1.342027
2000,CZK,34.83886
2000,DKK,7.464151
2000,EUR,1.0
2000,EUR,1.0
2000,EUR,1.0
2000,EUR,1.0
2000,HUF,265.693784
2000,EUR,1.0
2000,EUR,1.0
2000,JPY,97.984308
2000,KRW,1044.538861
2000,EUR,1.0
2000,EUR,1.0
2000,NOK,8.087461
2000,PLN,3.855597
2000,EUR,1.0
2000,EUR,1.0
2000,EUR,1.0
2000,SEK,8.526906
2000,CHF,1.505863
2000,GBP,0.606796
2000,USD,0.878997
2000,ILS,3.600387
2000,EUR,1.0
2000,EUR,1.0
2000,AUD,1.62192
2000,EUR,1.0
2000,EUR,1.0
2000,CAD,1.342027
2000,CZK,34.83886
2000,DKK,7.464151
2000,EUR,1.0
2000,EUR,1.0
2000,EUR,1.0
2000,EUR,1.0
2000,HUF,265.693784
2000,EUR,1.0
2000,EUR,1.0
2000,JPY,97.984308
2000,KRW,1044.538861
2000,EUR,1.0
2000,EUR,1.0
2000,NOK,8.087461
2000,PLN,3.855597
2000,EUR,1.0
2000,EUR,1.0
2000,EUR,1.0
2000,SEK,8.526906
2000,CHF,1.505863
2000,GBP,0.606796
2000,USD,0.878997
2000,ILS,3.600387
2000,EUR,1.0
2000,EUR,1.0
2000,USD,0.878997
2000,USD,0.878997
2000,USD,0.878997
2000,USD,0.878997
2000,USD,0.878997
2000,USD,0.878997
2000,USD,0.878997
2000,USD,0.878997
2000,USD,0.878997
2000,USD,0.878997
2000,USD,0.878997
2000,USD,0.878997
2000,USD,0.878997
2000,USD,0.878997
2000,USD,0.878997
2000,USD,0.878997
2000,USD,0.878997
2000,USD,0.878997
2000,USD,0.878997
2000,USD,0.878997
2000,USD,0.878997
2000,USD,0.878997
2000,USD,0.878997
2000,USD,0.878997
2000,USD,0.878997
2000,USD,0.878997
2000,MXN,8.322666
2000,MXN,8.322666
2000,USD,0.878997
2000,USD,0.878997
2000,USD,0.878997
2000,USD,0.878997
2000,USD,0.878997
2000,ISK,76.489375
2000,ISK,76.489375
2000,USD,0.878997
2000,NZD,2.078061
2000,NZD,2.078061
2000,USD,0.878997
2000,CLP,506.365593
2000,CLP,506.365593
2000,USD,0.878997
2000,EUR,1.0
2000,EUR,1.0
2000,USD,0.878997
2000,EUR,1.0
2000,EUR,1.0
2000,USD,0.878997
2001,AUD,1.724515
2001,EUR,1.0
2001,EUR,1.0
2001,CAD,1.40376
2001,CZK,32.833465
2001,DKK,7.467464
2001,EUR,1.0
2001,EUR,1.0
2001,EUR,1.0
2001,EUR,1.0
2001,HUF,248.101795
2001,EUR,1.0
2001,EUR,1.0
2001,JPY,113.115265
2001,KRW,1139.372278
2001,EUR,1.0
2001,EUR,1.0
2001,NOK,8.028883
2001,PLN,3.63703
2001,EUR,1.0
2001,EUR,1.0
2001,EUR,1.0
2001,SEK,9.397901
2001,CHF,1.475613
2001,GBP,0.620848
2001,USD,0.896247
2001,ILS,3.785044
2001,EUR,1.0
2001,EUR,1.0
2001,AUD,1.724515
2001,EUR,1.0
2001,EUR,1.0
2001,CAD,1.40376
2001,CZK,32.833465
2001,DKK,7.467464
2001,EUR,1.0
2001,EUR,1.0
2001,EUR,1.0
2001,EUR,1.0
2001,HUF,248.101795
2001,EUR,1.0
2001,EUR,1.0
2001,JPY,113.115265
2001,KRW,1139.372278
2001,EUR,1.0
2001,EUR,1.0
2001,NOK,8.028883
2001,PLN,3.63703
2001,EUR,1.0
2001,EUR,1.0
2001,EUR,1.0
2001,SEK,9.397901
2001,CHF,1.475613
2001,GBP,0.620848
2001,USD,0.896247
2001,ILS,3.785044
2001,EUR,1.0
2001,EUR,1.0
2001,USD,0.896247
2001,USD,0.896247
2001,USD,0.896247
2001,USD,0.896247
2001,USD,0.896247
2001,USD,0.896247
2001,USD,0.896247
2001,USD,0.896247
2001,USD,0.896247
2001,USD,0.896247
2001,USD,0.896247
2001,USD,0.896247
2001,USD,0.896247
2001,USD,0.896247
2001,USD,0.896247
2001,USD,0.896247
2001,USD,0.896247
2001,USD,0.896247
2001,USD,0.896247
2001,USD,0.896247
2001,USD,0.896247
2001,USD,0.896247
2001,USD,0.896247
2001,USD,0.896247
2001,USD,0.896247
2001,USD,0.896247
2001,MXN,8.198504
2001,MXN,8.198504
2001,USD,0.896247
2001,USD,0.896247
2001,USD,0.896247
2001,USD,0.896247
2001,USD,0.896247
2001,ISK,93.575474
2001,ISK,93.575474
2001,USD,0.896247
2001,NZD,2.132053
2001,NZD,2.132053
2001,USD,0.896247
2001,CLP,596.987201
2001,CLP,596.987201
2001,USD,0.896247
2001,EUR,1.0
2001,EUR,1.0
2001,USD,0.896247
2001,EUR,1.0
2001,EUR,1.0
2001,USD,0.896247
2002,AUD,1.80044
2002,EUR,1.0
2002,EUR,1.0
2002,CAD,1.582759
2002,CZK,31.27804
2002,DKK,7.439466
2002,EUR,1.0
2002,EUR,1.0
2002,EUR,1.0
2002,EUR,1.0
2002,HUF,236.58013
2002,EUR,1.0
2002,EUR,1.0
2002,JPY,124.918672
2002,KRW,1229.138129
2002,EUR,1.0
2002,EUR,1.0
2002,NOK,7.346362
2002,PLN,3.982994
2002,EUR,1.0
2002,EUR,1.0
2002,EUR,1.0
2002,SEK,9.117048
2002,CHF,1.477602
2002,GBP,0.644498
2002,USD,1.018155
2002,ILS,4.747364
2002,EUR,1.0
2002,EUR,1.0
2002,AUD,1.80044
2002,EUR,1.0
2002,EUR,1.0
2002,CAD,1.582759
2002,CZK,31.27804
2002,DKK,7.439466
2002,EUR,1.0
2002,EUR,1.0
2002,EUR,1.0
2002,EUR,1.0
2002,HUF,236.58013
2002,EUR,1.0
2002,EUR,1.0
2002,JPY,124.918672
2002,KRW,1229.138129
2002,EUR,1.0
2002,EUR,1.0
2002,NOK,7.346362
2002,PLN,3.982994
2002,EUR,1.0
2002,EUR,1.0
2002,EUR,1.0
2002,SEK,9.117048
2002,CHF,1.477602
2002,GBP,0.644498
2002,USD,1.018155
2002,ILS,4.747364
2002,EUR,1.0
2002,EUR,1.0
2002,USD,1.018155
2002,USD,1.018155
2002,USD,1.018155
2002,USD,1.018155
2002,USD,1.018155
2002,USD,1.018155
2002,USD,1.018155
2002,USD,1.018155
2002,USD,1.018155
2002,USD,1.018155
2002,USD,1.018155
2002,USD,1.018155
2002,USD,1.018155
2002,USD,1.018155
2002,USD,1.018155
2002,USD,1.018155
2002,USD,1.018155
2002,USD,1.018155
2002,USD,1.018155
2002,USD,1.018155
2002,USD,1.018155
2002,USD,1.018155
2002,USD,1.018155
2002,USD,1.018155
2002,USD,1.018155
2002,USD,1.018155
2002,MXN,10.370021
2002,MXN,10.370021
2002,USD,1.018155
2002,USD,1.018155
2002,USD,1.018155
2002,USD,1.018155
2002,USD,1.018155
2002,ISK,84.782734
2002,ISK,84.782734
2002,USD,1.018155
2002,NZD,2.000914
2002,NZD,2.000914
2002,USD,1.018155
2002,CLP,709.304668
2002,CLP,709.304668
2002,USD,1.018155
2002,EUR,1.0
2002,EUR,1.0
2002,USD,1.018155
2002,EUR,1.0
2002,EUR,1.0
2002,USD,1.018155
2003,AUD,1.653553
2003,EUR,1.0
2003,EUR,1.0
2003,CAD,1.613962
2003,CZK,32.222045
2003,DKK,7.451894
2003,EUR,1.0
2003,EUR,1.0
2003,EUR,1.0
2003,EUR,1.0
2003,HUF,263.232535
2003,EUR,1.0
2003,EUR,1.0
2003,JPY,132.358717
2003,KRW,1456.687567
2003,EUR,1.0
2003,EUR,1.0
2003,NOK,8.202516
2003,PLN,4.6714
2003,EUR,1.0
2003,EUR,1.0
2003,EUR,1.0
2003,SEK,8.977073
2003,CHF,1.551268
2003,GBP,0.703072
2003,USD,1.228266
2003,ILS,5.395106
2003,EUR,1.0
2003,EUR,1.0
2003,AUD,1.653553
2003,EUR,1.0
2003,EUR,1.0
2003,CAD,1.613962
2003,CZK,32.222045
2003,DKK,7.451894
2003,EUR,1.0
2003,EUR,1.0
2003,EUR,1.0
2003,EUR,1.0
2003,HUF,263.232535
2003,EUR,1.0
2003,EUR,1.0
2003,JPY,132.358717
2003,KRW,1456.687567
2003,EUR,1.0
2003,EUR,1.0
2003,NOK,8.202516
2003,PLN,4.6714
2003,EUR,1.0
2003,EUR,1.0
2003,EUR,1.0
2003,SEK,8.977073
2003,CHF,1.551268
2003,GBP,0.703072
2003,USD,1.228266
2003,ILS,5.395106
2003,EUR,1.0
2003,EUR,1.0
2003,USD,1.228266
2003,USD,1.228266
2003,USD,1.228266
2003,USD,1.228266
2003,USD,1.228266
2003,USD,1.228266
2003,USD,1.228266
2003,USD,1.228266
2003,USD,1.228266
2003,USD,1.228266
2003,USD,1.228266
2003,USD,1.228266
2003,USD,1.228266
2003,USD,1.228266
2003,USD,1.228266
2003,USD,1.228266
2003,USD,1.228266
2003,USD,1.228266
2003,USD,1.228266
2003,USD,1.228266
2003,USD,1.228266
2003,USD,1.228266
2003,USD,1.228266
2003,USD,1.228266
2003,USD,1.228266
2003,USD,1.228266
2003,MXN,13.792588
2003,MXN,13.792588
2003,USD,1.228266
2003,USD,1.228266
2003,USD,1.228266
2003,USD,1.228266
2003,USD,1.228266
2003,ISK,89.939851
2003,ISK,89.939851
2003,USD,1.228266
2003,NZD,1.894266
2003,NZD,1.894266
2003,USD,1.228266
2003,CLP,738.756044
2003,CLP,738.756044
2003,USD,1.228266
2003,EUR,1.0
2003,EUR,1.0
2003,USD,1.228266
2003,EUR,1.0
2003,EUR,1.0
2003,USD,1.228266
2004,AUD,1.761362
2004,EUR,1.0
2004,EUR,1.0
2004,CAD,1.622112
2004,CZK,30.730153
2004,DKK,7.431238
2004,EUR,1.0
2004,EUR,1.0
2004,EUR,1.0
2004,EUR,1.0
2004,HUF,248.007756
2004,EUR,1.0
2004,EUR,1.0
2004,JPY,139.358913
2004,KRW,1400.384444
2004,EUR,1.0
2004,EUR,1.0
2004,NOK,8.218003
2004,PLN,4.214068
2004,EUR,1.0
2004,EUR,1.0
2004,EUR,1.0
2004,SEK,9.000635
2004,CHF,1.535111
2004,GBP,0.691128
2004,USD,1.321096
2004,ILS,5.756532
2004,EUR,1.0
2004,EUR,1.0
2004,AUD,1.761362
2004,EUR,1.0
2004,EUR,1.0
2004,CAD,1.622112
2004,CZK,30.730153
2004,DKK,7.431238
2004,EUR,1.0
2004,EUR,1.0
2004,EUR,1.0
2004,EUR,1.0
2004,HUF,248.007756
2004,EUR,1.0
2004,EUR,1.0
2004,JPY,139.358913
2004,KRW,1400.384444
2004,EUR,1.0
2004,EUR,1.0
2004,NOK,8.218003
2004,PLN,4.214068
2004,EUR,1.0
2004,EUR,1.0
2004,EUR,1.0
2004,SEK,9.000635
2004,CHF,1.535111
2004,GBP,0.691128
2004,USD,1.321096
2004,ILS,5.756532
2004,EUR,1.0
2004,EUR,1.0
2004,USD,1.321096
2004,USD,1.321096
2004,USD,1.321096
2004,USD,1.321096
2004,USD,1.321096
2004,USD,1.321096
2004,USD,1.321096
2004,USD,1.321096
2004,USD,1.321096
2004,USD,1.321096
2004,USD,1.321096
2004,USD,1.321096
2004,USD,1.321096
2004,USD,1.321096
2004,USD,1.321096
2004,USD,1.321096
2004,USD,1.321096
2004,USD,1.321096
2004,USD,1.321096
2004,USD,1.321096
2004,USD,1.321096
2004,USD,1.321096
2004,USD,1.321096
2004,USD,1.321096
2004,USD,1.321096
2004,USD,1.321096
2004,MXN,14.991907
2004,MXN,14.991907
2004,USD,1.321096
2004,USD,1.321096
2004,USD,1.321096
2004,USD,1.321096
2004,USD,1.321096
2004,ISK,83.746558
2004,ISK,83.746558
2004,USD,1.321096
2004,NZD,1.875763
2004,NZD,1.875763
2004,USD,1.321096
2004,CLP,784.657687
2004,CLP,784.657687
2004,USD,1.321096
2004,EUR,1.0
2004,EUR,1.0
2004,USD,1.321096
2004,EUR,1.0
2004,EUR,1.0
2004,USD,1.321096
2005,AUD,1.584102
2005,EUR,1.0
2005,EUR,1.0
2005,CAD,1.376549
2005,CZK,29.104903
2005,DKK,7.451966
2005,EUR,1.0
2005,EUR,1.0
2005,EUR,1.0
2005,EUR,1.0
2005,HUF,254.46391
2005,EUR,1.0
2005,EUR,1.0
2005,JPY,143.419161
2005,KRW,1234.818868
2005,EUR,1.0
2005,EUR,1.0
2005,NOK,7.96627
2005,PLN,3.847135
2005,EUR,1.0
2005,EUR,1.0
2005,EUR,1.0
2005,SEK,9.437342
2005,CHF,1.542539
2005,GBP,0.674295
2005,USD,1.19512
2005,ILS,5.500253
2005,EUR,1.0
2005,EUR,1.0
2005,AUD,1.584102
2005,EUR,1.0
2005,EUR,1.0
2005,CAD,1.376549
2005,CZK,29.104903
2005,DKK,7.451966
2005,EUR,1.0
2005,EUR,1.0
2005,EUR,1.0
2005,EUR,1.0
2005,HUF,254.46391
2005,EUR,1.0
2005,EUR,1.0
2005,JPY,143.419161
2005,KRW,1234.818868
2005,EUR,1.0
2005,EUR,1.0
2005,NOK,7.96627
2005,PLN,3.847135
2005,EUR,1.0
2005,EUR,1.0
2005,EUR,1.0
2005,SEK,9.437342
2005,CHF,1.542539
2005,GBP,0.674295
2005,USD,1.19512
2005,ILS,5.500253
2005,EUR,1.0
2005,EUR,1.0
2005,USD,1.19512
2005,USD,1.19512
2005,USD,1.19512
2005,USD,1.19512
2005,USD,1.19512
2005,USD,1.19512
2005,USD,1.19512
2005,USD,1.19512
2005,USD,1.19512
2005,USD,1.19512
2005,USD,1.19512
2005,USD,1.19512
2005,USD,1.19512
2005,USD,1.19512
2005,USD,1.19512
2005,USD,1.19512
2005,USD,1.19512
2005,USD,1.19512
2005,USD,1.19512
2005,USD,1.19512
2005,USD,1.19512
2005,USD,1.19512
2005,USD,1.19512
2005,USD,1.19512
2005,USD,1.19512
2005,USD,1.19512
2005,MXN,12.694715
2005,MXN,12.694715
2005,USD,1.19512
2005,USD,1.19512
2005,USD,1.19512
2005,USD,1.19512
2005,USD,1.19512
2005,ISK,75.485489
2005,ISK,75.485489
2005,USD,1.19512
2005,NZD,1.683753
2005,NZD,1.683753
2005,USD,1.19512
2005,CLP,611.791463
2005,CLP,611.791463
2005,USD,1.19512
2005,EUR,1.0
2005,EUR,1.0
2005,USD,1.19512
2005,EUR,1.0
2005,EUR,1.0
2005,USD,1.19512
2006,AUD,1.687058
2006,EUR,1.0
2006,EUR,1.0
2006,CAD,1.527657
2006,CZK,27.923131
2006,DKK,7.4603
2006,EUR,1.0
2006,EUR,1.0
2006,EUR,1.0
2006,EUR,1.0
2006,HUF,253.969444
2006,EUR,1.0
2006,EUR,1.0
2006,JPY,155.093991
2006,KRW,1222.821521
2006,EUR,1.0
2006,EUR,1.0
2006,NOK,8.142587
2006,PLN,3.817482
2006,EUR,1.0
2006,EUR,1.0
2006,EUR,1.0
2006,SEK,9.048736
2006,CHF,1.593153
2006,GBP,0.67415
2006,USD,1.325574
2006,ILS,5.551188
2006,EUR,1.0
2006,EUR,1.0
2006,AUD,1.687058
2006,EUR,1.0
2006,EUR,1.0
2006,CAD,1.527657
2006,CZK,27.923131
2006,DKK,7.4603
2006,EUR,1.0
2006,EUR,1.0
2006,EUR,1.0
2006,EUR,1.0
2006,HUF,253.969444
2006,EUR,1.0
2006,EUR,1.0
2006,JPY,155.093991
2006,KRW,1222.821521
2006,EUR,1.0
2006,EUR,1.0
2006,NOK,8.142587
2006,PLN,3.817482
2006,EUR,1.0
2006,EUR,1.0
2006,EUR,1.0
2006,SEK,9.048736
2006,CHF,1.593153
2006,GBP,0.67415
2006,USD,1.325574
2006,ILS,5.551188
2006,EUR,1.0
2006,EUR,1.0
2006,USD,1.325574
2006,USD,1.325574
2006,USD,1.325574
2006,USD,1.325574
2006,USD,1.325574
2006,USD,1.325574
2006,USD,1.325574
2006,USD,1.325574
2006,USD,1.325574
2006,USD,1.325574
2006,USD,1.325574
2006,USD,1.325574
2006,USD,1.325574
2006,USD,1.325574
2006,USD,1.325574
2006,USD,1.325574
2006,USD,1.325574
2006,USD,1.325574
2006,USD,1.325574
2006,USD,1.325574
2006,USD,1.325574
2006,USD,1.325574
2006,USD,1.325574
2006,USD,1.325574
2006,USD,1.325574
2006,USD,1.325574
2006,MXN,14.375437
2006,MXN,14.375437
2006,USD,1.325574
2006,USD,1.325574
2006,USD,1.325574
2006,USD,1.325574
2006,USD,1.325574
2006,ISK,91.811334
2006,ISK,91.811334
2006,USD,1.325574
2006,NZD,1.919347
2006,NZD,1.919347
2006,USD,1.325574
2006,CLP,697.823378
2006,CLP,697.823378
2006,USD,1.325574
2006,EUR,1.0
2006,EUR,1.0
2006,USD,1.325574
2006,EUR,1.0
2006,EUR,1.0
2006,USD,1.325574
2007,AUD,1.665425
2007,EUR,1.0
2007,EUR,1.0
2007,CAD,1.489005
2007,CZK,26.085431
2007,DKK,7.467862
2007,EUR,1.0
2007,EUR,1.0
2007,EUR,1.0
2007,EUR,1.0
2007,HUF,252.747101
2007,EUR,1.0
2007,EUR,1.0
2007,JPY,164.521364
2007,KRW,1362.362262
2007,EUR,1.0
2007,EUR,1.0
2007,NOK,7.96049
2007,PLN,3.586774
2007,EUR,1.0
2007,EUR,1.0
2007,EUR,1.0
2007,SEK,9.43493
2007,CHF,1.667485
2007,GBP,0.719209
2007,USD,1.470564
2007,ILS,5.79104
2007,EUR,1.0
2007,EUR,1.0
2007,AUD,1.665425
2007,EUR,1.0
2007,EUR,1.0
2007,CAD,1.489005
2007,CZK,26.085431
2007,DKK,7.467862
2007,EUR,1.0
2007,EUR,1.0
2007,EUR,1.0
2007,EUR,1.0
2007,HUF,252.747101
2007,EUR,1.0
2007,EUR,1.0
2007,JPY,164.521364
2007,KRW,1362.362262
2007,EUR,1.0
2007,EUR,1.0
2007,NOK,7.96049
2007,PLN,3.586774
2007,EUR,1.0
2007,EUR,1.0
2007,EUR,1.0
2007,SEK,9.43493
2007,CHF,1.667485
2007,GBP,0.719209
2007,USD,1.470564
2007,ILS,5.79104
2007,EUR,1.0
2007,EUR,1.0
2007,USD,1.470564
2007,USD,1.470564
2007,USD,1.470564
2007,USD,1.470564
2007,USD,1.470564
2007,USD,1.470564
2007,USD,1.470564
2007,USD,1.470564
2007,USD,1.470564
2007,USD,1.470564
2007,USD,1.470564
2007,USD,1.470564
2007,USD,1.470564
2007,USD,1.470564
2007,USD,1.470564
2007,USD,1.470564
2007,USD,1.470564
2007,USD,1.470564
2007,USD,1.470564
2007,USD,1.470564
2007,USD,1.470564
2007,USD,1.470564
2007,USD,1.470564
2007,USD,1.470564
2007,USD,1.470564
2007,USD,1.470564
2007,MXN,15.929038
2007,MXN,15.929038
2007,USD,1.470564
2007,USD,1.470564
2007,USD,1.470564
2007,USD,1.470564
2007,USD,1.470564
2007,ISK,89.907354
2007,ISK,89.907354
2007,USD,1.470564
2007,NZD,1.870379
2007,NZD,1.870379
2007,USD,1.470564
2007,CLP,732.346146
2007,CLP,732.346146
2007,USD,1.470564
2007,EUR,1.0
2007,EUR,1.0
2007,USD,1.470564
2007,EUR,1.0
2007,EUR,1.0
2007,USD,1.470564
2008,AUD,2.027365
2008,EUR,1.0
2008,EUR,1.0
2008,CAD,1.661906
2008,CZK,26.041754
2008,DKK,7.45575
2008,EUR,1.0
2008,EUR,1.0
2008,EUR,1.0
2008,EUR,1.0
2008,HUF,265.175455
2008,EUR,1.0
2008,EUR,1.0
2008,JPY,121.220145
2008,KRW,1832.635643
2008,EUR,1.0
2008,EUR,1.0
2008,NOK,9.240548
2008,PLN,3.964675
2008,EUR,1.0
2008,EUR,1.0
2008,EUR,1.0
2008,SEK,10.731009
2008,CHF,1.574691
2008,GBP,0.894251
2008,USD,1.335845
2008,ILS,5.192269
2008,EUR,1.0
2008,EUR,1.0
2008,AUD,2.027365
2008,EUR,1.0
2008,EUR,1.0
2008,CAD,1.661906
2008,CZK,26.041754
2008,DKK,7.45575
2008,EUR,1.0
2008,EUR,1.0
2008,EUR,1.0
2008,EUR,1.0
2008,HUF,265.175455
2008,EUR,1.0
2008,EUR,1.0
2008,JPY,121.220145
2008,KRW,1832.635643
2008,EUR,1.0
2008,EUR,1.0
2008,NOK,9.240548
2008,PLN,3.964675
2008,EUR,1.0
2008,EUR,1.0
2008,EUR,1.0
2008,SEK,10.731009
2008,CHF,1.574691
2008,GBP,0.894251
2008,USD,1.335845
2008,ILS,5.192269
2008,EUR,1.0
2008,EUR,1.0
2008,USD,1.335845
2008,USD,1.335845
2008,USD,1.335845
2008,USD,1.335845
2008,USD,1.335845
2008,USD,1.335845
2008,USD,1.335845
2008,USD,1.335845
2008,USD,1.335845
2008,USD,1.335845
2008,USD,1.335845
2008,USD,1.335845
2008,USD,1.335845
2008,USD,1.335845
2008,USD,1.335845
2008,USD,1.335845
2008,USD,1.335845
2008,USD,1.335845
2008,USD,1.335845
2008,USD,1.335845
2008,USD,1.335845
2008,USD,1.335845
2008,USD,1.335845
2008,USD,1.335845
2008,USD,1.335845
2008,USD,1.335845
2008,MXN,17.982721
2008,MXN,17.982721
2008,USD,1.335845
2008,USD,1.335845
2008,USD,1.335845
2008,USD,1.335845
2008,USD,1.335845
2008,ISK,156.058538
2008,ISK,156.058538
2008,USD,1.335845
2008,NZD,2.450572
2008,NZD,2.450572
2008,USD,1.335845
2008,CLP,874.847362
2008,CLP,874.847362
2008,USD,1.335845
2008,EUR,1.0
2008,EUR,1.0
2008,USD,1.335845
2008,EUR,1.0
2008,EUR,1.0
2008,USD,1.335845
2009,AUD,1.468703
2009,EUR,1.0
2009,EUR,1.0
2009,CAD,1.549233
2009,CZK,25.80056
2009,DKK,7.442379
2009,EUR,1.0
2009,EUR,1.0
2009,EUR,1.0
2009,EUR,1.0
2009,HUF,273.071864
2009,EUR,1.0
2009,EUR,1.0
2009,JPY,130.745179
2009,KRW,1708.893424
2009,EUR,1.0
2009,EUR,1.0
2009,NOK,8.446657
2009,PLN,4.126043
2009,EUR,1.0
2009,EUR,1.0
2009,EUR,1.0
2009,SEK,10.43765
2009,CHF,1.512057
2009,GBP,0.902569
2009,USD,1.468703
2009,ILS,5.551629
2009,EUR,1.0
2009,EUR,1.0
2009,AUD,1.468703
2009,EUR,1.0
2009,EUR,1.0
2009,CAD,1.549233
2009,CZK,25.80056
2009,DKK,7.442379
2009,EUR,1.0
2009,EUR,1.0
2009,EUR,1.0
2009,EUR,1.0
2009,HUF,273.071864
2009,EUR,1.0
2009,EUR,1.0
2009,JPY,130.745179
2009,KRW,1708.893424
2009,EUR,1.0
2009,EUR,1.0
2009,NOK,8.446657
2009,PLN,4.126043
2009,EUR,1.0
2009,EUR,1.0
2009,EUR,1.0
2009,SEK,10.43765
2009,CHF,1.512057
2009,GBP,0.902569
2009,USD,1.468703
2009,ILS,5.551629
2009,EUR,1.0
2009,EUR,1.0
2009,USD,1.468703
2009,USD,1.468703
2009,USD,1.468703
2009,USD,1.468703
2009,USD,1.468703
2009,USD,1.468703
2009,USD,1.468703
2009,USD,1.468703
2009,USD,1.468703
2009,USD,1.468703
2009,USD,1.468703
2009,USD,1.468703
2009,USD,1.468703
2009,USD,1.468703
2009,USD,1.468703
2009,USD,1.468703
2009,USD,1.468703
2009,USD,1.468703
2009,USD,1.468703
2009,USD,1.468703
2009,USD,1.468703
2009,USD,1.468703
2009,USD,1.468703
2009,USD,1.468703
2009,USD,1.468703
2009,USD,1.468703
2009,MXN,18.960169
2009,MXN,18.960169
2009,USD,1.468703
2009,USD,1.468703
2009,USD,1.468703
2009,USD,1.468703
2009,USD,1.468703
2009,ISK,183.116831
2009,ISK,183.116831
2009,USD,1.468703
2009,NZD,2.023399
2009,NZD,2.023399
2009,USD,1.468703
2009,CLP,728.804549
2009,CLP,728.804549
2009,USD,1.468703
2009,EUR,1.0
2009,EUR,1.0
2009,USD,1.468703
2009,EUR,1.0
2009,EUR,1.0
2009,USD,1.468703
2010,AUD,1.323469
2010,EUR,1.0
2010,EUR,1.0
2010,CAD,1.333422
2010,CZK,25.182359
2010,DKK,7.453787
2010,EUR,1.0
2010,EUR,1.0
2010,EUR,1.0
2010,EUR,1.0
2010,HUF,277.295758
2010,EUR,1.0
2010,EUR,1.0
2010,JPY,110.903662
2010,KRW,1509.684153
2010,EUR,1.0
2010,EUR,1.0
2010,NOK,7.939742
2010,PLN,4.026767
2010,EUR,1.0
2010,EUR,1.0
2010,EUR,1.0
2010,SEK,9.124016
2010,CHF,1.298704
2010,GBP,0.836994
2010,USD,1.323469
2010,ILS,4.785564
2010,EUR,1.0
2010,EUR,1.0
2010,AUD,1.323469
2010,EUR,1.0
2010,EUR,1.0
2010,CAD,1.333422
2010,CZK,25.182359
2010,DKK,7.453787
2010,EUR,1.0
2010,EUR,1.0
2010,EUR,1.0
2010,EUR,1.0
2010,HUF,277.295758
2010,EUR,1.0
2010,EUR,1.0
2010,JPY,110.903662
2010,KRW,1509.684153
2010,EUR,1.0
2010,EUR,1.0
2010,NOK,7.939742
2010,PLN,4.026767
2010,EUR,1.0
2010,EUR,1.0
2010,EUR,1.0
2010,SEK,9.124016
2010,CHF,1.298704
2010,GBP,0.836994
2010,USD,1.323469
2010,ILS,4.785564
2010,EUR,1.0
2010,EUR,1.0
2010,USD,1.323469
2010,USD,1.323469
2010,USD,1.323469
2010,USD,1.323469
2010,USD,1.323469
2010,USD,1.323469
2010,USD,1.323469
2010,USD,1.323469
2010,USD,1.323469
2010,USD,1.323469
2010,USD,1.323469
2010,USD,1.323469
2010,USD,1.323469
2010,USD,1.323469
2010,USD,1.323469
2010,USD,1.323469
2010,USD,1.323469
2010,USD,1.323469
2010,USD,1.323469
2010,USD,1.323469
2010,USD,1.323469
2010,USD,1.323469
2010,USD,1.323469
2010,USD,1.323469
2010,USD,1.323469
2010,USD,1.323469
2010,MXN,16.483463
2010,MXN,16.483463
2010,USD,1.323469
2010,USD,1.323469
2010,USD,1.323469
2010,USD,1.323469
2010,USD,1.323469
2010,ISK,151.835056
2010,ISK,151.835056
2010,USD,1.323469
2010,NZD,1.765453
2010,NZD,1.765453
2010,USD,1.323469
2010,CLP,629.785869
2010,CLP,629.785869
2010,USD,1.323469
2010,EUR,1.0
2010,EUR,1.0
2010,USD,1.323469
2010,EUR,1.0
2010,EUR,1.0
2010,USD,1.323469
2011,AUD,1.308973
2011,EUR,1.0
2011,EUR,1.0
2011,CAD,1.353608
2011,CZK,25.537213
2011,DKK,7.423374
2011,EUR,1.0
2011,EUR,1.0
2011,EUR,1.0
2011,EUR,1.0
2011,HUF,304.61784
2011,EUR,1.0
2011,EUR,1.0
2011,JPY,102.744253
2011,KRW,1517.980591
2011,EUR,1.0
2011,EUR,1.0
2011,NOK,7.682969
2011,PLN,4.530681
2011,EUR,1.0
2011,EUR,1.0
2011,EUR,1.0
2011,SEK,9.041758
2011,CHF,1.233753
2011,GBP,0.845733
2011,USD,1.319461
2011,ILS,4.975546
2011,EUR,1.0
2011,EUR,1.0
2011,AUD,1.308973
2011,EUR,1.0
2011,EUR,1.0
2011,CAD,1.353608
2011,CZK,25.537213
2011,DKK,7.423374
2011,EUR,1.0
2011,EUR,1.0
2011,EUR,1.0
2011,EUR,1.0
2011,HUF,304.61784
2011,EUR,1.0
2011,EUR,1.0
2011,JPY,102.744253
2011,KRW,1517.980591
2011,EUR,1.0
2011,EUR,1.0
2011,NOK,7.682969
2011,PLN,4.530681
2011,EUR,1.0
2011,EUR,1.0
2011,EUR,1.0
2011,SEK,9.041758
2011,CHF,1.233753
2011,GBP,0.845733
2011,USD,1.319461
2011,ILS,4.975546
2011,EUR,1.0
2011,EUR,1.0
2011,USD,1.319461
2011,USD,1.319461
2011,USD,1.319461
2011,USD,1.319461
2011,USD,1.319461
2011,USD,1.319461
2011,USD,1.319461
2011,USD,1.319461
2011,USD,1.319461
2011,USD,1.319461
2011,USD,1.319461
2011,USD,1.319461
2011,USD,1.319461
2011,USD,1.319461
2011,USD,1.319461
2011,USD,1.319461
2011,USD,1.319461
2011,USD,1.319461
2011,USD,1.319461
2011,USD,1.319461
2011,USD,1.319461
2011,USD,1.319461
2011,USD,1.319461
2011,USD,1.319461
2011,USD,1.319461
2011,USD,1.319461
2011,MXN,18.233409
2011,MXN,18.233409
2011,USD,1.319461
2011,USD,1.319461
2011,USD,1.319461
2011,USD,1.319461
2011,USD,1.319461
2011,ISK,157.805684
2011,ISK,157.805684
2011,USD,1.319461
2011,NZD,1.727737
2011,NZD,1.727737
2011,USD,1.319461
2011,CLP,678.830424
2011,CLP,678.830424
2011,USD,1.319461
2011,EUR,1.0
2011,EUR,1.0
2011,USD,1.319461
2011,EUR,1.0
2011,EUR,1.0
2011,USD,1.319461
2012,AUD,1.237539
2012,EUR,1.0
2012,EUR,1.0
2012,CAD,1.285937
2012,CZK,25.287016
2012,DKK,7.467123
2012,EUR,1.0
2012,EUR,1.0
2012,EUR,1.0
2012,EUR,1.0
2012,HUF,282.616172
2012,EUR,1.0
2012,EUR,1.0
2012,JPY,108.380972
2012,KRW,1401.581695
2012,EUR,1.0
2012,EUR,1.0
2012,NOK,7.343802
2012,PLN,4.099294
2012,EUR,1.0
2012,EUR,1.0
2012,EUR,1.0
2012,SEK,8.669488
2012,CHF,1.211501
2012,GBP,0.808799
2012,USD,1.305302
2012,ILS,4.940637
2012,EUR,1.0
2012,EUR,1.0
2012,AUD,1.237539
2012,EUR,1.0
2012,EUR,1.0
2012,CAD,1.285937
2012,CZK,25.287016
2012,DKK,7.467123
2012,EUR,1.0
2012,EUR,1.0
2012,EUR,1.0
2012,EUR,1.0
2012,HUF,282.616172
2012,EUR,1.0
2012,EUR,1.0
2012,JPY,108.380972
2012,KRW,1401.581695
2012,EUR,1.0
2012,EUR,1.0
2012,NOK,7.343802
2012,PLN,4.099294
2012,EUR,1.0
2012,EUR,1.0
2012,EUR,1.0
2012,SEK,8.669488
2012,CHF,1.211501
2012,GBP,0.808799
2012,USD,1.305302
2012,ILS,4.940637
2012,EUR,1.0
2012,EUR,1.0
2012,USD,1.305302
2012,USD,1.305302
2012,USD,1.305302
2012,USD,1.305302
2012,USD,1.305302
2012,USD,1.305302
2012,USD,1.305302
2012,USD,1.305302
2012,USD,1.305302
2012,USD,1.305302
2012,USD,1.305302
2012,USD,1.305302
2012,USD,1.305302
2012,USD,1.305302
2012,USD,1.305302
2012,USD,1.305302
2012,USD,1.305302
2012,USD,1.305302
2012,USD,1.305302
2012,USD,1.305302
2012,USD,1.305302
2012,USD,1.305302
2012,USD,1.305302
2012,USD,1.305302
2012,USD,1.305302
2012,USD,1.305302
2012,MXN,16.639286
2012,MXN,16.639286
2012,USD,1.305302
2012,USD,1.305302
2012,USD,1.305302
2012,USD,1.305302
2012,USD,1.305302
2012,ISK,165.664087
2012,ISK,165.664087
2012,USD,1.305302
2012,NZD,1.550362
2012,NZD,1.550362
2012,USD,1.305302
2012,CLP,619.834281
2012,CLP,619.834281
2012,USD,1.305302
2012,EUR,1.0
2012,EUR,1.0
2012,USD,1.305302
2012,EUR,1.0
2012,EUR,1.0
2012,USD,1.305302
2013,AUD,1.540194
2013,EUR,1.0
2013,EUR,1.0
2013,CAD,1.462584
2013,CZK,27.469994
2013,DKK,7.458851
2013,EUR,1.0
2013,EUR,1.0
2013,EUR,1.0
2013,EUR,1.0
2013,HUF,302.898401
2013,EUR,1.0
2013,EUR,1.0
2013,JPY,142.048337
2013,KRW,1446.404781
2013,EUR,1.0
2013,EUR,1.0
2013,NOK,8.502005
2013,PLN,4.178476
2013,EUR,1.0
2013,EUR,1.0
2013,EUR,1.0
2013,SEK,9.060726
2013,CHF,1.222255
2013,GBP,0.84111
2013,USD,1.375018
2013,ILS,4.81844
2013,EUR,1.0
2013,EUR,1.0
2013,AUD,1.540194
2013,EUR,1.0
2013,EUR,1.0
2013,CAD,1.462584
2013,CZK,27.469994
2013,DKK,7.458851
2013,EUR,1.0
2013,EUR,1.0
2013,EUR,1.0
2013,EUR,1.0
2013,HUF,302.898401
2013,EUR,1.0
2013,EUR,1.0
2013,JPY,142.048337
2013,KRW,1446.404781
2013,EUR,1.0
2013,EUR,1.0
2013,NOK,8.502005
2013,PLN,4.178476
2013,EUR,1.0
2013,EUR,1.0
2013,EUR,1.0
2013,SEK,9.060726
2013,CHF,1.222255
2013,GBP,0.84111
2013,USD,1.375018
2013,ILS,4.81844
2013,EUR,1.0
2013,EUR,1.0
2013,USD,1.375018
2013,USD,1.375018
2013,USD,1.375018
2013,USD,1.375018
2013,USD,1.375018
2013,USD,1.375018
2013,USD,1.375018
2013,USD,1.375018
2013,USD,1.375018
2013,USD,1.375018
2013,USD,1.375018
2013,USD,1.375018
2013,USD,1.375018
2013,USD,1.375018
2013,USD,1.375018
2013,USD,1.375018
2013,USD,1.375018
2013,USD,1.375018
2013,USD,1.375018
2013,USD,1.375018
2013,USD,1.375018
2013,USD,1.375018
2013,USD,1.375018
2013,USD,1.375018
2013,USD,1.375018
2013,USD,1.375018
2013,MXN,17.799269
2013,MXN,17.799269
2013,USD,1.375018
2013,USD,1.375018
2013,USD,1.375018
2013,USD,1.375018
2013,USD,1.375018
2013,ISK,161.152157
2013,ISK,161.152157
2013,USD,1.375018
2013,NZD,1.671325
2013,NZD,1.671325
2013,USD,1.375018
2013,CLP,731.442416
2013,CLP,731.442416
2013,USD,1.375018
2013,EUR,1.0
2013,EUR,1.0
2013,USD,1.375018
2013,EUR,1.0
2013,EUR,1.0
2013,USD,1.375018
2014,AUD,1.511328
2014,EUR,1.0
2014,EUR,1.0
2014,CAD,1.440922
2014,CZK,27.602014
2014,DKK,7.442179
2014,EUR,1.0
2014,EUR,1.0
2014,EUR,1.0
2014,EUR,1.0
2014,HUF,308.110184
2014,EUR,1.0
2014,EUR,1.0
2014,JPY,147.953357
2014,KRW,1374.439032
2014,EUR,1.0
2014,EUR,1.0
2014,NOK,9.137563
2014,PLN,4.185204
2014,EUR,1.0
2014,EUR,1.0
2014,EUR,1.0
2014,SEK,9.404975
2014,CHF,1.201943
2014,GBP,0.792925
2014,USD,1.246244
2014,ILS,4.876037
2014,EUR,1.0
2014,EUR,1.0
2014,AUD,1.511328
2014,EUR,1.0
2014,EUR,1.0
2014,CAD,1.440922
2014,CZK,27.602014
2014,DKK,7.442179
2014,EUR,1.0
2014,EUR,1.0
2014,EUR,1.0
2014,EUR,1.0
2014,HUF,308.110184
2014,EUR,1.0
2014,EUR,1.0
2014,JPY,147.953357
2014,KRW,1374.439032
2014,EUR,1.0
2014,EUR,1.0
2014,NOK,9.137563
2014,PLN,4.185204
2014,EUR,1.0
2014,EUR,1.0
2014,EUR,1.0
2014,SEK,9.404975
2014,CHF,1.201943
2014,GBP,0.792925
2014,USD,1.246244
2014,ILS,4.876037
2014,EUR,1.0
2014,EUR,1.0
2014,USD,1.246244
2014,USD,1.246244
2014,USD,1.246244
2014,USD,1.246244
2014,USD,1.246244
2014,USD,1.246244
2014,USD,1.246244
2014,USD,1.246244
2014,USD,1.246244
2014,USD,1.246244
2014,USD,1.246244
2014,USD,1.246244
2014,USD,1.246244
2014,USD,1.246244
2014,USD,1.246244
2014,USD,1.246244
2014,USD,1.246244
2014,USD,1.246244
2014,USD,1.246244
2014,USD,1.246244
2014,USD,1.246244
2014,USD,1.246244
2014,USD,1.246244
2014,USD,1.246244
2014,USD,1.246244
2014,USD,1.246244
2014,MXN,18.353799
2014,MXN,18.353799
2014,USD,1.246244
2014,USD,1.246244
2014,USD,1.246244
2014,USD,1.246244
2014,USD,1.246244
2014,ISK,154.071916
2014,ISK,154.071916
2014,USD,1.246244
2014,NZD,1.602432
2014,NZD,1.602432
2014,USD,1.246244
2014,CLP,770.986441
2014,CLP,770.986441
2014,USD,1.246244
2014,EUR,1.0
2014,EUR,1.0
2014,USD,1.246244
2014,EUR,1.0
2014,EUR,1.0
2014,USD,1.246244
2015,AUD,1.529532
2015,EUR,1.0
2015,EUR,1.0
2015,CAD,1.510318
2015,CZK,27.043218
2015,DKK,7.466098
2015,EUR,1.0
2015,EUR,1.0
2015,EUR,1.0
2015,EUR,1.0
2015,HUF,317.822657
2015,EUR,1.0
2015,EUR,1.0
2015,JPY,133.117247
2015,KRW,1298.508521
2015,EUR,1.0
2015,EUR,1.0
2015,NOK,9.547933
2015,PLN,4.367103
2015,EUR,1.0
2015,EUR,1.0
2015,EUR,1.0
2015,SEK,9.342674
2015,CHF,1.081193
2015,GBP,0.722699
2015,USD,1.099302
2015,ILS,4.237157
2015,EUR,1.0
2015,EUR,1.0
2015,AUD,1.529532
2015,EUR,1.0
2015,EUR,1.0
2015,CAD,1.510318
2015,CZK,27.043218
2015,DKK,7.466098
2015,EUR,1.0
2015,EUR,1.0
2015,EUR,1.0
2015,EUR,1.0
2015,HUF,317.822657
2015,EUR,1.0
2015,EUR,1.0
2015,JPY,133.117247
2015,KRW,1298.508521
2015,EUR,1.0
2015,EUR,1.0
2015,NOK,9.547933
2015,PLN,4.367103
2015,EUR,1.0
2015,EUR,1.0
2015,EUR,1.0
2015,SEK,9.342674
2015,CHF,1.081193
2015,GBP,0.722699
2015,USD,1.099302
2015,ILS,4.237157
2015,EUR,1.0
2015,EUR,1.0
2015,USD,1.099302
2015,USD,1.099302
2015,USD,1.099302
2015,USD,1.099302
2015,USD,1.099302
2015,USD,1.099302
2015,USD,1.099302
2015,USD,1.099302
2015,USD,1.099302
2015,USD,1.099302
2015,USD,1.099302
2015,USD,1.099302
2015,USD,1.099302
2015,USD,1.099302
2015,USD,1.099302
2015,USD,1.099302
2015,USD,1.099302
2015,USD,1.099302
2015,USD,1.099302
2015,USD,1.099302
2015,USD,1.099302
2015,USD,1.099302
2015,USD,1.099302
2015,USD,1.099302
2015,USD,1.099302
2015,USD,1.099302
2015,MXN,19.096978
2015,MXN,19.096978
2015,USD,1.099302
2015,USD,1.099302
2015,USD,1.099302
2015,USD,1.099302
2015,USD,1.099302
2015,ISK,141.33387
2015,ISK,141.33387
2015,USD,1.099302
2015,NZD,1.636556
2015,NZD,1.636556
2015,USD,1.099302
2015,CLP,779.256272
2015,CLP,779.256272
2015,USD,1.099302
2015,EUR,1.0
2015,EUR,1.0
2015,USD,1.099302
2015,EUR,1.0
2015,EUR,1.0
2015,USD,1.099302
2016,AUD,1.41897
2016,EUR,1.0
2016,EUR,1.0
2016,CAD,1.39693
2016,CZK,27.034162
2016,DKK,7.436956
2016,EUR,1.0
2016,EUR,1.0
2016,EUR,1.0
2016,EUR,1.0
2016,HUF,314.261067
2016,EUR,1.0
2016,EUR,1.0
2016,JPY,122.38314
2016,KRW,1239.921752
2016,EUR,1.0
2016,EUR,1.0
2016,NOK,8.97193
2016,PLN,4.448779
2016,EUR,1.0
2016,EUR,1.0
2016,EUR,1.0
2016,SEK,9.749021
2016,CHF,1.078231
2016,GBP,0.839515
2016,USD,1.064173
2016,ILS,4.048092
2016,EUR,1.0
2016,EUR,1.0
2016,AUD,1.41897
2016,EUR,1.0
2016,EUR,1.0
2016,CAD,1.39693
2016,CZK,27.034162
2016,DKK,7.436956
2016,EUR,1.0
2016,EUR,1.0
2016,EUR,1.0
2016,EUR,1.0
2016,HUF,314.261067
2016,EUR,1.0
2016,EUR,1.0
2016,JPY,122.38314
2016,KRW,1239.921752
2016,EUR,1.0
2016,EUR,1.0
2016,NOK,8.97193
2016,PLN,4.448779
2016,EUR,1.0
2016,EUR,1.0
2016,EUR,1.0
2016,SEK,9.749021
2016,CHF,1.078231
2016,GBP,0.839515
2016,USD,1.064173
2016,ILS,4.048092
2016,EUR,1.0
2016,EUR,1.0
2016,USD,1.064173
2016,USD,1.064173
2016,USD,1.064173
2016,USD,1.064173
2016,USD,1.064173
2016,USD,1.064173
2016,USD,1.064173
2016,USD,1.064173
2016,USD,1.064173
2016,USD,1.064173
2016,USD,1.064173
2016,USD,1.064173
2016,USD,1.064173
2016,USD,1.064173
2016,USD,1.064173
2016,USD,1.064173
2016,USD,1.064173
2016,USD,1.064173
2016,USD,1.064173
2016,USD,1.064173
2016,USD,1.064173
2016,USD,1.064173
2016,USD,1.064173
2016,USD,1.064173
2016,USD,1.064173
2016,USD,1.064173
2016,MXN,21.503433
2016,MXN,21.503433
2016,USD,1.064173
2016,USD,1.064173
2016,USD,1.064173
2016,USD,1.064173
2016,USD,1.064173
2016,ISK,118.548927
2016,ISK,118.548927
2016,USD,1.064173
2016,NZD,1.477818
2016,NZD,1.477818
2016,USD,1.064173
2016,CLP,690.542195
2016,CLP,690.542195
2016,USD,1.064173
2016,EUR,1.0
2016,EUR,1.0
2016,USD,1.064173
2016,EUR,1.0
2016,EUR,1.0
2016,USD,1.064173
2017,AUD,1.55414
2017,EUR,1.0
2017,EUR,1.0
2017,CAD,1.511526
2017,CZK,25.628491
2017,DKK,7.444163
2017,EUR,1.0
2017,EUR,1.0
2017,EUR,1.0
2017,EUR,1.0
2017,HUF,313.822849
2017,EUR,1.0
2017,EUR,1.0
2017,JPY,133.357354
2017,KRW,1281.07229
2017,EUR,1.0
2017,EUR,1.0
2017,NOK,9.796255
2017,PLN,4.208695
2017,EUR,1.0
2017,EUR,1.0
2017,EUR,1.0
2017,SEK,9.887575
2017,CHF,1.164595
2017,GBP,0.881839
2017,USD,1.174531
2017,ILS,4.161947
2017,EUR,1.0
2017,EUR,1.0
2017,AUD,1.55414
2017,EUR,1.0
2017,EUR,1.0
2017,CAD,1.511526
2017,CZK,25.628491
2017,DKK,7.444163
2017,EUR,1.0
2017,EUR,1.0
2017,EUR,1.0
2017,EUR,1.0
2017,HUF,313.822849
2017,EUR,1.0
2017,EUR,1.0
2017,JPY,133.357354
2017,KRW,1281.07229
2017,EUR,1.0
2017,EUR,1.0
2017,NOK,9.796255
2017,PLN,4.208695
2017,EUR,1.0
2017,EUR,1.0
2017,EUR,1.0
2017,SEK,9.887575
2017,CHF,1.164595
2017,GBP,0.881839
2017,USD,1.174531
2017,ILS,4.161947
2017,EUR,1.0
2017,EUR,1.0
2017,USD,1.174531
2017,USD,1.174531
2017,USD,1.174531
2017,USD,1.174531
2017,USD,1.174531
2017,USD,1.174531
2017,USD,1.174531
2017,USD,1.174531
2017,USD,1.174531
2017,USD,1.174531
2017,USD,1.174531
2017,USD,1.174531
2017,USD,1.174531
2017,USD,1.174531
2017,USD,1.174531
2017,USD,1.174531
2017,USD,1.174531
2017,USD,1.174531
2017,USD,1.174531
2017,USD,1.174531
2017,USD,1.174531
2017,USD,1.174531
2017,USD,1.174531
2017,USD,1.174531
2017,USD,1.174531
2017,USD,1.174531
2017,MXN,22.529378
2017,MXN,22.529378
2017,USD,1.174531
2017,USD,1.174531
2017,USD,1.174531
2017,USD,1.174531
2017,USD,1.174531
2017,ISK,123.40844
2017,ISK,123.40844
2017,USD,1.174531
2017,NZD,1.692506
2017,NZD,1.692506
2017,USD,1.174531
2017,CLP,767.532273
2017,CLP,767.532273
2017,USD,1.174531
2017,EUR,1.0
2017,EUR,1.0
2017,USD,1.174531
2017,EUR,1.0
2017,EUR,1.0
2017,USD,1.174531
2018,AUD,1.575404
2018,EUR,1.0
2018,EUR,1.0
2018,CAD,1.518143
2018,CZK,25.855001
2018,DKK,7.4642
2018,EUR,1.0
2018,EUR,1.0
2018,EUR,1.0
2018,EUR,1.0
2018,HUF,322.991338
2018,EUR,1.0
2018,EUR,1.0
2018,JPY,128.843416
2018,KRW,1279.306789
2018,EUR,1.0
2018,EUR,1.0
2018,NOK,9.749126
2018,PLN,4.29147
2018,EUR,1.0
2018,EUR,1.0
2018,EUR,1.0
2018,SEK,10.335166
2018,CHF,1.129125
2018,GBP,0.900628
2018,USD,1.137314
2018,ILS,4.263959
2018,EUR,1.0
2018,EUR,1.0
2018,AUD,1.575404
2018,EUR,1.0
2018,EUR,1.0
2018,CAD,1.518143
2018,CZK,25.855001
2018,DKK,7.4642
2018,EUR,1.0
2018,EUR,1.0
2018,EUR,1.0
2018,EUR,1.0
2018,HUF,322.991338
2018,EUR,1.0
2018,EUR,1.0
2018,JPY,128.843416
2018,KRW,1279.306789
2018,EUR,1.0
2018,EUR,1.0
2018,NOK,9.749126
2018,PLN,4.29147
2018,EUR,1.0
2018,EUR,1.0
2018,EUR,1.0
2018,SEK,10.335166
2018,CHF,1.129125
2018,GBP,0.900628
2018,USD,1.137314
2018,ILS,4.263959
2018,EUR,1.0
2018,EUR,1.0
2018,USD,1.137314
2018,USD,1.137314
2018,USD,1.137314
2018,USD,1.137314
2018,USD,1.137314
2018,USD,1.137314
2018,USD,1.137314
2018,USD,1.137314
2018,USD,1.137314
2018,USD,1.137314
2018,USD,1.137314
2018,USD,1.137314
2018,USD,1.137314
2018,USD,1.137314
2018,USD,1.137314
2018,USD,1.137314
2018,USD,1.137314
2018,USD,1.137314
2018,USD,1.137314
2018,USD,1.137314
2018,USD,1.137314
2018,USD,1.137314
2018,USD,1.137314
2018,USD,1.137314
2018,USD,1.137314
2018,USD,1.137314
2018,MXN,22.822356
2018,MXN,22.822356
2018,USD,1.137314
2018,USD,1.137314
2018,USD,1.137314
2018,USD,1.137314
2018,USD,1.137314
2018,ISK,140.168432
2018,ISK,140.168432
2018,USD,1.137314
2018,NZD,1.658277
2018,NZD,1.658277
2018,USD,1.137314
2018,CLP,771.213012
2018,CLP,771.213012
2018,USD,1.137314
2018,EUR,1.0
2018,EUR,1.0
2018,USD,1.137314
2018,EUR,1.0
2018,EUR,1.0
2018,USD,1.137314
2019,AUD,1.615006
2019,EUR,1.0
2019,EUR,1.0
2019,CAD,1.471311
2019,CZK,25.526866
2019,DKK,7.472553
2019,EUR,1.0
2019,EUR,1.0
2019,EUR,1.0
2019,EUR,1.0
2019,HUF,329.5219
2019,EUR,1.0
2019,EUR,1.0
2019,JPY,122.390378
2019,KRW,1309.397297
2019,EUR,1.0
2019,EUR,1.0
2019,NOK,10.113786
2019,PLN,4.287121
2019,EUR,1.0
2019,EUR,1.0
2019,EUR,1.0
2019,SEK,10.451988
2019,CHF,1.101884
2019,GBP,0.830212
2019,USD,1.118579
2019,ILS,3.893328
2019,EUR,1.0
2019,EUR,1.0
2019,AUD,1.615006
2019,EUR,1.0
2019,EUR,1.0
2019,CAD,1.471311
2019,CZK,25.526866
2019,DKK,7.472553
2019,EUR,1.0
2019,EUR,1.0
2019,EUR,1.0
2019,EUR,1.0
2019,HUF,329.5219
2019,EUR,1.0
2019,EUR,1.0
2019,JPY,122.390378
2019,KRW,1309.397297
2019,EUR,1.0
2019,EUR,1.0
2019,NOK,10.113786
2019,PLN,4.287121
2019,EUR,1.0
2019,EUR,1.0
2019,EUR,1.0
2019,SEK,10.451988
2019,CHF,1.101884
2019,GBP,0.830212
2019,USD,1.118579
2019,ILS,3.893328
2019,EUR,1.0
2019,EUR,1.0
2019,USD,1.118579
2019,USD,1.118579
2019,USD,1.118579
2019,USD,1.118579
2019,USD,1.118579
2019,USD,1.118579
2019,USD,1.118579
2019,USD,1.118579
2019,USD,1.118579
2019,USD,1.118579
2019,USD,1.118579
2019,USD,1.118579
2019,USD,1.118579
2019,USD,1.118579
2019,USD,1.118579
2019,USD,1.118579
2019,USD,1.118579
2019,USD,1.118579
2019,USD,1.118579
2019,USD,1.118579
2019,USD,1.118579
2019,USD,1.118579
2019,USD,1.118579
2019,USD,1.118579
2019,USD,1.118579
2019,USD,1.118579
2019,MXN,21.249629
2019,MXN,21.249629
2019,USD,1.118579
2019,USD,1.118579
2019,USD,1.118579
2019,USD,1.118579
2019,USD,1.118579
2019,ISK,136.701286
2019,ISK,136.701286
2019,USD,1.118579
2019,NZD,1.689798
2019,NZD,1.689798
2019,USD,1.118579
2019,CLP,859.517211
2019,CLP,859.517211
2019,USD,1.118579
2019,EUR,1.0
2019,EUR,1.0
2019,USD,1.118579
2019,EUR,1.0
2019,EUR,1.0
2019,USD,1.118579
2020,AUD,1.607592
2020,EUR,1.0
2020,EUR,1.0
2020,CAD,1.547602
2020,CZK,26.352909
2020,DKK,7.440524
2020,EUR,1.0
2020,EUR,1.0
2020,EUR,1.0
2020,EUR,1.0
2020,HUF,354.218884
2020,EUR,1.0
2020,EUR,1.0
2020,JPY,125.975221
2020,KRW,1322.338473
2020,EUR,1.0
2020,EUR,1.0
2020,NOK,10.68074
2020,PLN,4.446877
2020,EUR,1.0
2020,EUR,1.0
2020,EUR,1.0
2020,SEK,10.246539
2020,CHF,1.077465
2020,GBP,0.915776
2020,USD,1.21116
2020,ILS,3.941914
2020,EUR,1.0
2020,EUR,1.0
2020,AUD,1.607592
2020,EUR,1.0
2020,EUR,1.0
2020,CAD,1.547602
2020,CZK,26.352909
2020,DKK,7.440524
2020,EUR,1.0
2020,EUR,1.0
2020,EUR,1.0
2020,EUR,1.0
2020,HUF,354.218884
2020,EUR,1.0
2020,EUR,1.0
2020,JPY,125.975221
2020,KRW,1322.338473
2020,EUR,1.0
2020,EUR,1.0
2020,NOK,10.68074
2020,PLN,4.446877
2020,EUR,1.0
2020,EUR,1.0
2020,EUR,1.0
2020,SEK,10.246539
2020,CHF,1.077465
2020,GBP,0.915776
2020,USD,1.21116
2020,ILS,3.941914
2020,EUR,1.0
2020,EUR,1.0
2020,USD,1.21116
2020,USD,1.21116
2020,USD,1.21116
2020,USD,1.21116
2020,USD,1.21116
2020,USD,1.21116
2020,USD,1.21116
2020,USD,1.21116
2020,USD,1.21116
2020,USD,1.21116
2020,USD,1.21116
2020,USD,1.21116
2020,USD,1.21116
2020,USD,1.21116
2020,USD,1.21116
2020,USD,1.21116
2020,USD,1.21116
2020,USD,1.21116
2020,USD,1.21116
2020,USD,1.21116
2020,USD,1.21116
2020,USD,1.21116
2020,USD,1.21116
2020,USD,1.21116
2020,USD,1.21116
2020,USD,1.21116
2020,MXN,24.385556
2020,MXN,24.385556
2020,USD,1.21116
2020,USD,1.21116
2020,USD,1.21116
2020,USD,1.21116
2020,USD,1.21116
2020,ISK,154.790869
2020,ISK,154.790869
2020,USD,1.21116
2020,NZD,1.70778
2020,NZD,1.70778
2020,USD,1.21116
2020,CLP,889.359521
2020,CLP,889.359521
2020,USD,1.21116
2020,EUR,1.0
2020,EUR,1.0
2020,USD,1.21116
2020,EUR,1.0
2020,EUR,1.0
2020,USD,1.21116
2021,AUD,1.578547
2021,EUR,1.0
2021,EUR,1.0
2021,CAD,1.438958
2021,CZK,25.361397
2021,DKK,7.436058
2021,EUR,1.0
2021,EUR,1.0
2021,EUR,1.0
2021,EUR,1.0
2021,HUF,365.854772
2021,EUR,1.0
2021,EUR,1.0
2021,JPY,128.390067
2021,KRW,1335.848309
2021,EUR,1.0
2021,EUR,1.0
2021,NOK,10.119536
2021,PLN,4.619296
2021,EUR,1.0
2021,EUR,1.0
2021,EUR,1.0
2021,SEK,10.245879
2021,CHF,1.042034
2021,GBP,0.853285
2021,USD,1.131145
2021,ILS,3.508778
2021,EUR,1.0
2021,EUR,1.0
2021,AUD,1.578547
2021,EUR,1.0
2021,EUR,1.0
2021,CAD,1.438958
2021,CZK,25.361397
2021,DKK,7.436058
2021,EUR,1.0
2021,EUR,1.0
2021,EUR,1.0
2021,EUR,1.0
2021,HUF,365.854772
2021,EUR,1.0
2021,EUR,1.0
2021,JPY,128.390067
2021,KRW,1335.848309
2021,EUR,1.0
2021,EUR,1.0
2021,NOK,10.119536
2021,PLN,4.619296
2021,EUR,1.0
2021,EUR,1.0
2021,EUR,1.0
2021,SEK,10.245879
2021,CHF,1.042034
2021,GBP,0.853285
2021,USD,1.131145
2021,ILS,3.508778
2021,EUR,1.0
2021,EUR,1.0
2021,USD,1.131145
2021,USD,1.131145
2021,USD,1.131145
2021,USD,1.131145
2021,USD,1.131145
2021,USD,1.131145
2021,USD,1.131145
2021,USD,1.131145
2021,USD,1.131145
2021,USD,1.131145
2021,USD,1.131145
2021,USD,1.131145
2021,USD,1.131145
2021,USD,1.131145
2021,USD,1.131145
2021,USD,1.131145
2021,USD,1.131145
2021,USD,1.131145
2021,USD,1.131145
2021,USD,1.131145
2021,USD,1.131145
2021,USD,1.131145
2021,USD,1.131145
2021,USD,1.131145
2021,USD,1.131145
2021,USD,1.131145
2021,MXN,23.642405
2021,MXN,23.642405
2021,USD,1.131145
2021,USD,1.131145
2021,USD,1.131145
2021,USD,1.131145
2021,USD,1.131145
2021,ISK,147.535205
2021,ISK,147.535205
2021,USD,1.131145
2021,NZD,1.664701
2021,NZD,1.664701
2021,USD,1.131145
2021,CLP,959.429655
2021,CLP,959.429655
2021,USD,1.131145
2021,EUR,1.0
2021,EUR,1.0
2021,USD,1.131145
2021,EUR,1.0
2021,EUR,1.0
2021,USD,1.131145
2022,AUD,1.561227
2022,EUR,1.0
2022,EUR,1.0
2022,CAD,1.436894
2022,CZK,24.319442
2022,DKK,7.437585
2022,EUR,1.0
2022,EUR,1.0
2022,EUR,1.0
2022,EUR,1.0
2022,HUF,414.646329
2022,EUR,1.0
2022,EUR,1.0
2022,JPY,144.950132
2022,KRW,1377.677456
2022,EUR,1.0
2022,EUR,1.0
2022,NOK,10.524224
2022,PLN,4.691758
2022,EUR,1.0
2022,EUR,1.0
2022,EUR,1.0
2022,SEK,10.886845
2022,CHF,0.986512
2022,GBP,0.85913
2022,USD,1.054141
2022,ILS,3.623978
2022,EUR,1.0
2022,EUR,1.0
2022,AUD,1.561227
2022,EUR,1.0
2022,EUR,1.0
2022,CAD,1.436894
2022,CZK,24.319442
2022,DKK,7.437585
2022,EUR,1.0
2022,EUR,1.0
2022,EUR,1.0
2022,EUR,1.0
2022,HUF,414.646329
2022,EUR,1.0
2022,EUR,1.0
2022,JPY,144.950132
2022,KRW,1377.677456
2022,EUR,1.0
2022,EUR,1.0
2022,NOK,10.524224
2022,PLN,4.691758
2022,EUR,1.0
2022,EUR,1.0
2022,EUR,1.0
2022,SEK,10.886845
2022,CHF,0.986512
2022,GBP,0.85913
2022,USD,1.054141
2022,ILS,3.623978
2022,EUR,1.0
2022,EUR,1.0
2022,USD,1.054141
2022,USD,1.054141
2022,USD,1.054141
2022,USD,1.054141
2022,USD,1.054141
2022,USD,1.054141
2022,USD,1.054141
2022,USD,1.054141
2022,USD,1.054141
2022,USD,1.054141
2022,USD,1.054141
2022,USD,1.054141
2022,USD,1.054141
2022,USD,1.054141
2022,USD,1.054141
2022,USD,1.054141
2022,USD,1.054141
2022,USD,1.054141
2022,USD,1.054141
2022,USD,1.054141
2022,USD,1.054141
2022,USD,1.054141
2022,USD,1.054141
2022,USD,1.054141
2022,USD,1.054141
2022,USD,1.054141
2022,MXN,20.937658
2022,MXN,20.937658
2022,USD,1.054141
2022,USD,1.054141
2022,USD,1.054141
2022,USD,1.054141
2022,USD,1.054141
2022,ISK,150.710819
2022,ISK,150.710819
2022,USD,1.054141
2022,NZD,1.650431
2022,NZD,1.650431
2022,USD,1.054141
2022,EUR,1.0
2022,EUR,1.0
2022,USD,1.054141
2022,EUR,1.0
2022,EUR,1.0
2022,USD,1.054141